X,Y
1.247373376201773,0.2829538755771419
0.6920722655660196,1.5845507770701677
1.3205629190941617,-0.6910398159642225
0.6718139627591402,-0.10702570836876696
-0.072986750049514,0.29033698506566086
0.10185418595418384,1.0283266584734616
0.538134936190223,0.086037229263064
0.31385870179367337,0.23594337959420414
1.0564734442586552,-0.14506879952525617
0.22137229480783926,-0.6039368890427873
-1.8052364110764723,0.46217814114550565
0.6112486981166793,-0.5247899186888474
1.60495888625116,-1.0283918308337343
0.03235615788089448,-0.13235896968187266
1.083838576534654,1.0389935501924155
0.10956437543768824,0.26740128200128765
-0.6277593223900216,-1.4006346148315025
-0.24601104004570926,0.1105554162849503
0.8699468831731852,0.850210944637513
-0.27388141912456676,-0.21376032490316527
-0.7414389120322024,-1.0041043127857863
-1.2065152223274096,1.379406510540266
-0.36037851376311303,-0.3097653093328308
-0.8858600945303454,0.5497687029158856
-1.1411981121506005,-0.15043009477082359
-0.6331904777458466,0.27358137989429787
-0.36119377663987745,-0.8348330234800422
-0.01992784476721055,0.30287637025037667
0.047034779012831616,0.2138799300101634
-0.44853345389825783,-0.2564967382850204
-0.4755013427021172,-0.25424247872237893
-0.5749812501302625,-1.220666134353089
0.12545922834739767,-0.2841020245443417
-1.1527243058187904,0.32723647109508053
-0.6415568260148538,0.036730941618869035
0.5155448806148485,0.09120469085374437
0.8056779505291622,-0.8731537111563094
0.2844985028303696,-0.4842338591288718
-0.6157465692244223,-0.40930852324247796
-0.22030090816310494,0.03971489435831617
-0.8238853535163376,0.6369805175977608
0.32927306887728014,-1.086288328121644
1.0523532183486246,1.3405960927494016
0.8335230282911595,-0.12722607150678952
-0.7571364396433775,0.7456099665468726
-0.2850891532228244,0.8643991988954809
0.14727264934962747,0.6905880854691295
0.2519890960290381,0.49962267863298954
0.007424635854291421,1.262801136561785
0.08974040136530541,0.2842494048566122
1.3315886278846514,-0.9530095715394387
-0.8983685578250429,0.6854669859984464
-0.8295235149248759,1.3743477204304526
-0.2924727861226855,-0.5285303658002721
1.359725346752882,1.0468820486702688
1.3205636051833267,0.6406703219243731
-0.6089785220342101,1.3506198808430916
-0.18950700098057482,0.5674223590741471
0.6698082899051182,-0.10960868797688686
0.4342196869584787,0.6520985911201664
0.2661730456918937,-0.7773937542639355
0.2108862353897971,0.9378964620175987
-0.49113364361027534,-0.10580759816542792
-0.3077000272797809,1.3076269226100612
0.47538418163965535,0.28811902748081175
-0.54441287718481,0.38130675991180574
-0.47682519712639765,0.02250760360474729
-0.44961107381257975,0.47831056987702997
0.40771127639831384,-0.14728946258191938
0.280019031918442,-0.7729112050773393
-1.0544783562980602,0.31069685156124777
0.11785595882197994,0.44903503529304556
1.6851378308555816,0.6678478499425132
-0.64546278562936,0.7898497920084039
-0.9304870533863264,-0.32638960415579343
-0.04825410188410275,1.2115162569748825
-0.5266211849918324,-0.5843802949196898
-0.06961644764615739,-0.4691499954566762
0.7966519004498701,-0.7636268927807934
-0.81138286531888,-0.309585522578187
-0.3521621231354837,1.3643851997707972
0.6713418907768094,0.06190807648476879
-0.866513765271667,0.5970547863963908
-0.7072590547860196,-1.0923181179124297
0.8400639224239586,0.2241122701390375
0.6511455188108851,0.22537448474768276
0.6058707360046119,-0.46034461174852925
-0.7313201268194406,0.4819601058965167
-0.5680964216081299,-0.4875853238128436
-0.3221101222879982,0.012359631876055656
-0.2503114951460874,-0.9722373833770956
-0.455106937139592,-1.5721834462494382
0.4421053988324291,-1.1328258321313538
-0.7809169483393021,0.03688628128656874
-0.5229500098629398,1.09107608388192
-0.9141878879693345,0.18883348063856994
-0.027777147152780655,-0.8259668333127139
0.3700124750986541,-0.1213015740949252
0.5457383324188876,0.5823053716030452
1.5296388090428943,0.9450679762918239
-0.2610509811000149,-0.1692666397387963
0.7775767572486363,0.4633414274595448
0.45264134295490077,-1.1433605838127667
-0.017201167522474917,-0.5218666606246157
0.19793658220439914,-0.06940280609263745
0.6435936780052393,0.2243071510776632
0.5560178342438556,-0.32980810617688966
-0.6678243520260403,-0.28994891868698536
-0.012035250060026155,0.268100763309647
1.5975726798289647,-0.02988031849286883
-0.6759551922898202,-0.24464605976399922
-0.32781185740304014,0.34045881512090814
-1.0895080173457812,0.0447329850904386
0.11066683429534693,0.1641767851601343
-0.4223662428770995,-0.1682360684879636
-1.006963125564227,-0.34882983481956414
-0.3838610309363595,0.2941918090244308
-0.8175444378300277,0.5523904751691946
1.0567601557883355,-1.4637004481416742
0.3014104390731661,0.4786462618095477
-0.4507360433473637,-0.28091359388617587
-0.09396075749972149,-0.21056995020046748
-0.21850516588780886,-1.1851136567503917
0.8148214636334496,0.7634056275243091
-0.5751353832580647,-1.0369185862860824
0.36844850757787617,-0.4071435779804542
0.1003760443950048,-0.2257992891888634
0.4889917403350046,0.4912618307027085
-0.5130748267227823,-0.9781860337088885
-1.1193064749562018,0.43160339806313924
-0.8406504430554926,-0.3583732809408458
-0.42165770030509,-0.03717069166083849
-1.3691565809886368,0.13348662593579722
0.37044689555593,0.06252385735594726
-0.2198297201851147,0.06887231805735398
0.282168377009847,-1.9605191395379862
1.383038856570299,0.2758376337682249
-0.46132253271016427,-0.2764457827229213
0.3491281589187097,-0.08209788261367007
-1.43591075761849,1.4598169019783938
-0.07816404832589917,0.7213710424357108
-0.489353140287461,1.0863826335166158
0.20247556416570198,0.43051760404121114
-0.739105743260577,0.8564090473367834
0.4877751019282065,0.9205442969875494
-0.4441249726014706,-0.3401375373982477
1.6291151202212324,-0.7495443764114433
-0.09613095524992206,0.8039035919687801
0.06910198736241083,0.4122105000712049
-0.2824531173301627,0.261669027714989
-0.9238539966643534,1.1724754476514796
-0.08355459760284491,-0.48095862046145976
0.47120399617275815,-0.3257780858892706
-0.9434632129844842,-0.952273080692085
0.4905717008723628,-0.11283546021047743
-0.09454127949677114,0.7620799535876142
-0.7967861705879091,-0.516667193912866
-0.27215112301386435,0.06671664862183124
-0.02981971918004651,-0.2028598791744731
-0.04357644682196114,-0.0758762885225857
-0.508837142916572,-0.5748728552637054
0.19411237809322976,-0.6299720966475137
-0.818373752015767,-0.22082396848299
-0.11148741629888323,1.5957444882025853
-0.4982983437619736,0.6669860550528688
0.5283419379395756,-0.8407110402820979
0.5467724238940664,-0.8371300287961662
-1.8803187218305035,0.42873264724032023
-1.2416021385704148,0.3188588158136686
-0.48366874419548395,1.1734796217093928
0.7555502420179147,-0.32059217639703014
-0.4863746391135361,-0.8584823646132063
-0.311779383272714,-0.19824127178787887
-0.25787727829431795,0.11080635870116388
0.4090764741062878,0.2472430376119734
-0.5403313503967431,-1.0166721010572966
0.9648697229382696,-0.4875141936787964
-0.46124122783863697,-0.3685364970100688
-1.303246977114206,-0.33797865948791445
-0.33916787872057336,0.4386595595240453
0.49388378650202086,0.0026664212440033947
0.658916304373883,0.24039154541184715
-0.011088927457490714,0.11379339908760346
-0.1348123781683134,-0.2792007689212656
-0.1893161994887824,-0.7976244617377083
0.19830223155667234,-0.702244439844777
0.5951231740850743,-0.1763938536569749
0.0349982371594829,0.34919533330756825
0.4548920206813927,-1.1105984629350443
-0.14630299246796985,0.6223804773897191
-1.2007421400928862,0.2738486503729992
-1.5949247620120977,-0.7230215229443882
0.02731592516717547,-1.1714744833460184
-0.6968613255486198,-1.0407445145652552
1.1654073868743962,0.11612655956414009
0.4011348023708233,-0.15745507357566182
-0.24991398623283562,-1.1430198604081676
-0.2063601782026121,-0.5384563067927415
0.6066438246092852,0.8068808679381976
1.037027754926358,0.6028452577067801
-0.42331225838226716,-0.7890583258782246
0.5421127346272943,0.2519370673227163
-1.250545531262879,0.25136358623746996
0.5759524898920332,0.04166668369574321
-0.13085270565416982,-0.5710937224085845
-1.0228544952829168,0.5658961069480216
-0.21857692006078983,-0.1650858595585297
1.2252189011761225,0.48401537438983117
0.26221287303937746,0.10045286579549659
1.07479867341618,1.21593326012987
0.6572593674747321,0.4116949567510391
-1.481108035544034,0.08748460453589293
-0.09199950958989561,0.06643496561291085
0.6668342833171935,-1.9372443031816864
-0.4025644136200062,0.1908511996503932
-0.3301096513806451,-1.0019039208962517
0.6144499741882317,0.19577800214384045
-0.6866746270025444,0.2226093801473312
0.5809488283163888,0.0037424660886999457
0.5660848012853333,0.05533830055365776
-0.27946909375635437,-0.8198341093931873
-0.06076222803818837,0.13738585402882292
0.6193072849037425,-0.08139327153253484
0.32344167697941817,-0.6820836961251305
-0.5534023832399463,-0.07805702191234189
-0.745734938516156,0.5800028080258822
0.327482596434346,0.1973505076023468
0.2396414051122892,1.4290936073993115
-0.3315370467668452,-1.5566540613614746
0.14092652071730466,-0.03578210696604518
-0.36594122435227533,-0.6921372311804608
-0.31055388909237586,0.1282256329896382
-0.355545098718185,1.7058623561038226
-0.6791791616121906,-0.5608186654473852
-1.618298749853701,0.1778263352244609
-1.4258148001467092,-0.3814520294016128
-0.19492850436109027,-0.501853457448069
1.229568661848093,0.7031430172730586
0.9327706305460841,-0.623964330443269
0.7980365162251393,0.3507256326347606
0.5454663773570394,0.727923176649032
-0.6425926537107449,-0.3000378671704174
0.6099474890348158,-1.8778062688910437
1.070084549347549,0.39112343349289547
-0.03231758050993534,0.15592245868944646
-0.7282742230110654,-0.24744732613219234
0.7780185167889792,0.9178401387610082
1.9065183111659816,-0.052272632823834056
-0.46566726859833735,-0.36361832443261816
-0.7198643135475652,-0.05505162587339922
0.27063269664168055,-0.02421294876743668
0.7752342891027675,-0.1656155813917631
-0.24568471250942464,-0.4110188816779116
-1.1544469446996979,-1.1085791891839096
-0.8337905688438058,0.9202486147006845
0.6330446098873885,0.9722464152343135
-0.9420158949395229,-1.3920278677589586
-0.4667302999318487,0.12432277413674231
0.3526272751005226,0.7410282179796964
0.2010160829812609,1.232252912163689
-0.15740598652920648,-0.6456445068378645
-1.1888008008304605,-0.6285976755899073
0.17120325205964043,-0.6284201205526061
0.6623769481911725,0.9986664981967169
-1.675550969296576,0.6109772409817233
-1.5836392170526286,0.2839027044943335
0.8661142820171291,0.04586019259689858
-0.9048768921837241,-0.41396237446302
-0.18501126892875458,-0.12886652245374486
-0.14346973198743743,-0.07769885838524065
0.15095319023241627,-0.8545906261181632
-0.17113386288284677,1.0735727691707435
-0.2719853870564435,-0.3138395112053847
0.7624006249133891,-1.8096168318805428
0.8353608201196255,-0.44682343234271693
0.11591500521145467,0.06810948394496151
0.666425598152872,-0.18921805967290772
-0.4794366279635317,0.9177155595038083
-1.6717233380042134,0.014378437773656936
-0.9531272068747941,-0.5385137072074283
1.4221732381693362,-0.03153372845684247
0.1379351056597478,-1.2597551763794945
-0.5155124220215621,0.13898707094772547
0.2508515704784527,0.43620466583429146
0.006100845832010291,0.37264824951213876
0.32087226760449367,-1.2938218524323648
0.02616699690537034,0.5429889997972721
0.4171080213264838,-0.25728703192481295
-0.5696639665847223,-0.7907659451696033
-0.09266918026263272,0.8012084664627159
-1.3801339157053574,-0.46661391694064847
-0.8059620454453496,0.5550487862125411
-0.39195609582554974,-0.3327910795630093
-0.15340651207770967,0.3149405880024325
-0.2774609214546038,-2.1539484105133333
0.3841795226994042,0.31045025260209963
-0.1552389498816688,-0.7665296455316739
0.2487461017493427,0.26816001742991175
-0.33236343873844965,-0.15325229254049608
-0.6577199704997096,-0.12628155806089925
-1.0963191036591473,0.2950889682683861
-0.6677693638007641,0.16836435045409093
-0.9941659121898457,-0.417233762685322
-0.07812780757138485,-1.1742920984879799
0.08142184193656749,-0.2680978127827463
-1.2320318827133165,-0.9215317889650508
0.4278845148866739,0.633253710315543
-0.09327349368550829,0.28620982205919054
0.15828130154351944,0.23307864589745575
0.9093280119039244,-1.065608786614577
0.478329971059322,-0.2701211229630673
-0.158575013151003,-0.21372283401658618
-0.2652690701337747,-0.8670516422748934
0.1296403910523615,1.1815351494614166
-0.0396920394077993,-0.000979373110219351
-0.4859938098764617,-0.08306704838906048
0.3296294410101603,-0.2618009405050991
-0.3208879147577284,0.2851510909615067
-0.6491273979006428,0.17854207723278734
0.5800551055986878,0.9616288358863199
-0.06390973024278097,0.9670372821993323
0.7314382452574884,-0.7044287135101363
-0.8612125806157676,-0.2156418563421792
0.7275672642173421,-0.0511146332373627
-0.42472903219077196,1.0976016786629084
0.20287210902002073,-1.6409079487943188
0.22426642957693255,0.3677242450554801
0.1595294094708902,0.3179944756556863
-0.04757103927789459,-0.9322466597141271
-0.26212731449018234,-0.6686513414349655
-0.6595474231128214,-0.8931241947523169
0.31995810581844186,0.06922302827329295
-0.3169007670444572,-0.4591512519797778
-0.016562636397113504,0.7631059104691136
-1.4171945233899312,0.2664919435636596
-0.385876637402671,-1.3326034307131471
-1.3758198442808083,-0.6454353984582161
0.15521669543650898,0.27793746605040287
-0.6639602374496708,0.7191424396373707
1.0062012799030826,0.2800755101598053
-0.41818483681893037,0.7950844302635293
0.5341454188826761,0.6133496626205316
-0.4641899161750116,-2.0043327123226216
1.4967972856459058,-1.1390630427464075
-0.02529184616233009,1.6834411821258344
0.23375306606426235,0.6712186184704451
-1.0623548022412146,-1.2570003583834433
-0.3766777565657498,0.7712765337960609
-0.24483533241350938,-0.5618927312067874
0.1399840131732099,0.7650437297898232
-1.0217270131738212,-0.855983160062489
-0.557673377976912,0.7740262177059408
0.16604389336692116,1.507660135144386
0.6621671229483406,-0.0248160375514852
0.8945451180413837,0.14955097190340855
-0.49845466856120724,0.4808148234019785
-0.49237729886610954,-0.20534175921532763
0.9388841482540458,-0.07161682571297494
-0.5679067212408371,-0.32833633037454285
0.7225150520223241,-0.3907052570543508
-0.2735589992514745,-0.36083145658520005
0.13005496428112115,-0.2725824236395699
-1.1326691325775475,-0.627331660118096
-0.6595814566657024,0.879159567928924
0.5746473260695856,0.4152550894890203
-0.357342293066687,-0.5768517313785673
-0.3588691377034502,-0.7437915535094898
1.7657873308728749,-1.5876821635083753
0.3988142597977812,-0.9083156406992788
-0.07378199040857802,-0.698622873362801
-0.8327094250931467,-0.8062405362749289
1.2409626101995066,-0.09403701523441284
-0.5414332140848754,0.39300073119808365
0.007318070510462982,0.5091407539137252
-1.2899442520383342,0.21468037963979392
0.5463777591029289,-1.1749274192550871
0.3169219249115577,1.1993814922704562
-0.010505982794968411,0.5808217081771344
0.47416491267816124,-0.5002820764378472
0.02811932769175635,-1.1080325861336924
-0.3191194379052803,0.1878697687783471
0.5113092626013378,0.017403400662210942
0.5091053779282175,-0.7798724621935165
-0.07191083246593984,0.013632583526299806
1.3078585129504514,-0.15143869490312753
-0.3528580486505993,0.015097595166405122
-0.6499113495472653,0.13629755377382263
-0.25813301912738235,-1.266659856546192
-0.04142694759308542,-0.22453687503700073
-1.154297586659207,-0.047471015977154495
1.0531337003834795,0.3686174154637222
0.4326978675726491,-0.9485814315993185
0.3372180706017074,0.10496970565815746
0.37409147558072986,0.29884356433383474
-0.9615101719305101,-0.029274794599265165
-0.5358956246703184,-0.03541480269838411
-0.6345582808553776,0.9280566967117962
-0.6073852007209997,-0.635648094731239
0.05274055385128339,-0.7616240559852846
-0.30028230087135305,-0.5868735950638566
0.9978493357973603,0.5556472146346616
-0.04063708621840607,-0.2766322305080583
0.6653292258039329,0.28652255296077267
0.3521762327375146,-0.018520708640567044
-1.1937589008399332,-0.07952545892066772
-0.37652723278620864,0.4561229581036218
0.7154806458624859,-0.465241645439396
0.331198375364953,1.2274518105828751
-0.4721441925999606,1.1892982678307935
-0.6028692340780419,0.016234998884768332
-0.007881137713839035,0.008130950074306215
-0.592327823884177,-0.4180295815947387
-0.47214954242055474,0.23119746840484534
0.23337006749992012,1.573980331515881
0.9694356232806582,-0.36051361385825353
0.2297175083309515,0.7050688858608908
0.021638757506445477,-0.049244032372363064
0.03646899177189664,0.6132571853950476
-0.5998531942952972,-0.23028308982816606
0.3326464668158607,0.22022633627663527
0.16941059414984247,-0.2614889123841135
0.6876866514492982,1.5088727077569806
0.28737915155772387,-0.13659655563314166
0.5343890830932115,-0.3812243434070229
-0.5301111265294985,0.023199287919893577
-1.8263130135988304,-0.8159661272910185
-0.24604618791588653,-0.9569904391785666
-0.7301889398934358,-0.30882771108850765
-1.1617519003096404,-0.2871361207839293
-0.3784931631080134,0.017964195126502165
0.816131354699542,0.121979042686734
0.014893098116468979,0.07032492098564239
0.1607909732809776,-0.718942793126414
-0.08115841045831972,0.21832009680243683
-0.9692736790353517,0.6121090518770449
0.7646483269780037,-0.44645024291092217
-0.17065158889307505,-0.6209743465735416
0.4945366825744724,-0.750397475799302
-0.15731500260087794,-0.6073480913069288
0.036030114805140616,-1.2687116848737807
0.9379500223006267,-0.6820797437323567
0.04235193658853821,-0.15027648611549788
-0.5388963394210744,-0.6277553548179896
0.6621337600391508,-0.3716840278493003
0.1917462764126507,-0.5667438827622596
-0.45762637911757104,0.3339291622231391
0.657898156873748,-0.12396741693866484
-1.0054491835408583,1.4127682925041192
-0.6056718242730559,-1.0900669040996576
1.8345352192879736,-0.2856939748003535
-1.0336010961516835,-0.4832648936288295
0.259893488367851,0.13457059291284895
-0.602263491112588,1.2888602178792372
-0.36881252723821,-0.8376999216607784
0.6793128166926825,0.9397893514113052
-0.57805491289763,-0.9909021737055085
0.7286298864836912,-1.4476764100766282
-0.8673524933096425,0.6840877331333394
-0.039140162062585686,-0.18663188899828725
0.24947901496740066,-0.10802783088082424
-0.918310187878451,0.9023215304659452
0.9369264219637379,0.14519204824581458
0.03191456837415275,1.654364565769044
-0.19546753925338842,-0.18354864409478655
0.25772716295330567,1.0403817324969036
1.126259001324216,-0.18283846128789644
0.2180231148695503,-0.9744521646020773
-0.22060042147574033,-0.5941750368093435
-0.7119375595645459,1.1890542991580344
-0.560231271206778,-0.37590214247373177
0.2586941588248895,0.9177010470722637
0.34019976840096844,1.95115871282644
-0.052798233758877426,0.18294014929089727
0.19487910547370918,1.014733152736208
0.35867210201156063,-0.08218680931903381
-0.6699756105555683,0.17284762532714562
0.9909004329872632,-0.29018374917097883
0.3740196194477149,0.17405277055312665
0.6106006061293185,-0.5690468271902775
1.659330028336607,-0.9045034930097726
-0.25848365459926087,0.6633315970549009
0.20982203847358508,0.5868888413772247
-0.3507973245215433,-0.05289511051981141
0.008649318578370674,1.1096341148805253
0.4882070450692663,0.5633322502068434
-0.4652240015523359,0.685103483901848
0.15951032402084334,0.9822740727693898
1.4241555932604772,-0.21691616046464857
-0.28729969875502614,-0.6109720724587556
-0.10152604637406354,-0.2701327855386513
0.25420799880305944,-0.1022241765883989
-0.2556893035128618,0.7527753689064078
-0.6631814713879982,0.30625357065914066
-0.28704414806155626,0.5122058818715127
0.9795278334042546,-0.2143228303619605
0.3118573594592632,0.12642564778770737
-0.5652769997493452,0.17026248096354654
0.2044390698627291,0.2919437568915436
-0.1402892053213845,0.06660401428486439
-0.811483481262482,-0.25322489121015784
3.470938988745181,2.631074337764044
0.8826600003885539,2.074044000297643
2.6033723839396403,2.1424678365878087
3.4307524222976067,0.7144249788322083
1.8695007767400176,2.169022280373029
-0.6466253322419653,3.18368664503663
2.4274456431100173,3.1054940969491813
-0.09152732144160591,1.3584419314980627
2.593315607629099,0.8129880751449132
2.568745493232762,2.0687443782110115
4.687197750242801,2.495711086229952
0.8954587542019006,1.2239526730824086
6.530333784311771,1.4398900974786608
-0.7661979676167654,1.2328909237434957
4.956112003440566,1.6330821466921013
0.005885420447437895,2.097361409596652
1.452475760725165,1.5205141013862282
3.9948739122898265,2.753291808565576
4.60690509109255,2.5422940990427807
3.065247026855368,0.7442575525991755
6.41642250946749,2.2135386184889967
3.6090306656567552,2.7883974193236134
5.792294263717743,2.295852071031696
3.1523468219856223,1.5762844499566233
2.087547252458176,1.3960167802513186
0.09521639319704311,1.368147480628919
1.5871995858365282,2.7418209072748523
10.389610663785236,2.1339964787425227
-1.5675656947874077,2.894478290629298
1.2042006644664613,1.5328791834887583
2.5552095313411436,1.1227459327469462
2.5885822078393486,1.9375090682549685
2.260283475936835,2.269702019806077
2.1785677280815734,2.0115527700678224
2.7522255113935103,2.2937325996747417
-0.7290460717192229,0.9888434839460329
1.836921042653895,0.9869030194209616
2.231586503950423,2.6637942816126463
3.6062665019344937,1.2588315974946456
-0.27604051012624486,2.2321440719673595
0.9382658059406732,1.7760908935700281
3.5792661053447254,1.3018828840808498
0.9384327402078678,1.4342562556520544
-0.7598612370371907,1.3939542007835362
3.7923964227449307,2.036642548806748
-0.32604038637676913,1.8365864861278796
-2.3358765814007336,1.481469541026644
7.687239643856182,1.9361879619409683
3.9357875654427725,1.9536927258464476
2.921169210613371,2.468994292888979
-0.9225408111293674,1.978124762697052
6.177284658121674,1.4374961666196893
0.5013410143487458,1.7824294112618422
2.711770794313991,2.371172980949959
5.3532560473950035,2.3531985880763906
1.8358228610634018,2.890365615995007
3.86290265996612,0.9423948715728487
8.684142084153827,3.251523415761018
1.5549469995743026,2.267222795618174
5.503923899121354,1.8782356517583354
3.93232920692837,2.7810549290150766
-0.6849769758907107,1.5740870618068956
4.437817476533269,2.3258450416608714
4.444135960607584,1.9062602578699184
1.2353640842133395,0.5867484736678719
-1.0320321309126483,2.033280754696989
4.181573344709852,2.375599824996984
1.6607036290826962,1.8078284824007378
2.574603297789256,2.05530365651487
5.716078137601634,2.1035492618473532
-1.9190084464926334,1.1001655132645425
6.0182595069629805,1.171864495851082
4.022670138669012,1.8102318190478648
1.550861771343412,1.9051537997250283
5.231480857803746,1.863640235340149
1.9118454637287046,0.9175584663247351
2.5468516923360607,2.3755037577824907
2.6327197335500596,2.988461925609751
2.145969684243008,2.211408986643661
6.36153164646227,0.9039744557694842
0.7939994884433468,3.008446524601367
4.476764921469825,2.479687168112097
4.202986785597044,2.2312707343664524
6.316801033023121,2.2671160705719906
2.6346287099037022,2.112400756402665
2.510270063254537,1.18186523478508
4.039009244248543,1.9077651797056412
6.820334258812541,1.9465070392469728
3.1136451022088014,2.1743740781608176
0.34493165421401484,2.7015466793103506
7.040324624673149,1.9895509277714405
1.2050078590902729,1.74895677675469
-3.0067189602530275,1.8742671203035017
2.6640785945037653,2.7458264814052313
4.540047569832021,1.7054906744510399
1.2675951986441585,2.794721063011509
1.5410576668970568,1.6393546538333494
5.684257513272357,2.733683861233471
2.0497184077239954,1.580135940160063
-3.3229349923467364,2.4169834183920447
-0.371571368641034,0.6121388866846773
6.19304098803574,2.4581824190135597
-1.0135324202525218,1.1412885470271865
4.304348277067715,1.3791810233649522
5.429290211348093,2.4359025602835525
3.419700947802371,2.2861629009802513
2.5065313956617237,2.6226154398488335
0.7986162855456531,2.0607772232718196
3.9894636701974857,2.398093847750557
-1.1616379067444447,1.6461569308778508
2.6688552059044524,1.7114900324140327
6.695305214387196,1.7219987099442113
1.5708103296451077,2.544069296638745
2.874507438763554,1.8972754461773127
-0.0014937458481179,2.213202634608323
4.749190769453682,2.338771481793946
-0.0588800721413949,3.2280853494732065
-1.8272853491195167,0.8808722501946646
4.541395535960277,2.1596933338863775
0.5461635006879988,1.223193188932587
8.14025921749434,2.08279574971616
3.4133634481374395,2.2247787078952634
3.150393724228528,2.3819044555183804
3.9378117840641482,1.734677695969032
1.2283878322481256,0.7689109660089737
-0.06449140653092522,2.19170569683392
4.764871965829387,2.4235849112993773
1.098612784515297,1.1068018680534286
-5.348201600311863,2.814398903690439
0.4410466364235117,1.6828873529882427
2.348111998094743,1.0061189591243096
1.0745633383828705,3.430810737223114
3.3371281553359244,2.2540275147062125
-2.186886839872712,3.586466113942371
-1.7643614948741706,3.359288870217506
-3.595912225158191,2.9937434317672453
6.280969203581003,1.417054719837045
3.1180425739711426,2.3871272251030993
-0.1530978209463587,0.9753191107110688
-1.4863523882272291,2.3825505810112433
1.7748052830422296,1.6009789127214666
4.55782773303897,2.3592582640339863
0.0012335012576949467,1.1506222603312222
3.3844204311639166,1.6198711546394875
2.2624713951067053,3.1146116927224474
3.3290355997626166,1.3902851572811072
2.425069553602861,1.3263782938011008
6.255749602977778,1.6029038579853003
2.548386850550788,2.2175997903478217
2.421337135487373,0.6150967525371263
-1.826870426385332,1.6801400526734918
2.845137191832663,1.9025753832719772
-0.5323741819714627,1.046520020032192
0.937578600172984,1.6687374119835157
3.356837730037756,1.7692580025814875
3.5946145721865657,1.5795191153996824
1.3227996610993125,1.753894044787276
-0.06994842841483129,2.442025641010514
-0.15257267598969504,1.6311437509513853
1.8065436008679785,1.0826140474995192
1.1403029080128213,1.4970304495247562
0.9730405363448706,1.9576245029283064
-0.1163725171628407,1.844382923714109
5.46241206728504,1.981757664513416
5.030078895778296,2.2450085695864295
4.048236448402696,1.4523748114314086
2.277558269565065,2.0946907356699125
0.3791446481797254,1.4181725121391497
-1.9428716038899152,3.0579304828904785
-0.5727362193873669,2.9519220498517202
0.7631293228809877,1.3901251390366793
3.6470308316247495,1.553679897760493
3.5040009300302657,1.7646665442143399
3.2710837404711794,1.315389068760974
4.199548151618135,2.3450487929448016
-0.43316701895474274,3.868837770569681
3.4290312052352814,3.6196047976566303
6.233910679509003,1.8664736463841338
0.9092314647401312,1.7147112754711642
-2.8418004365800114,1.5079702685201843
2.6528815314712033,3.079014939104532
-0.044562222543430785,2.6237082027999303
-1.314050475513183,1.5854091342277408
0.789196797662109,2.262910137047182
3.2099275973740715,2.6804783735771176
4.039442898608405,2.171945894080133
3.0328085610815925,3.1232608237980184
0.6482163861475152,2.547815647989646
-2.7838991641262263,2.2908572324871335
0.721441889414538,2.0018181005329883
4.751809546471082,2.116420754196502
4.341986097691561,3.042109094658505
3.029445878253805,2.828051077841061
1.1360008651627016,1.9941947365744126
0.6172789938759156,2.7374965298000866
3.095582742199915,1.641331072342591
2.4092152694006144,2.736500070803166
1.8961066612284627,1.3290031745577209
2.349005700819378,0.5995286399704101
4.033975940327881,1.7020764059017512
0.7583205041928649,2.6192103527207458
-1.6118814722351988,3.3768066539773987
0.7293989884427599,1.6300057096702825
4.701906703126122,2.501123233411235
8.485344242963372,1.8506548167469772
1.6814339778927576,0.9539656390503604
1.1213399642968096,1.489871038741015
0.8126740867135853,0.7666730096781471
6.393554628754681,0.9983100713243513
-5.41393172771374,1.1596570325709465
0.4023907115169274,1.1871425265303421
4.9058380328399265,1.9025329821015184
2.067163996140556,2.4316121557207784
2.7567180182332525,2.69195157187149
-0.9354016921295658,1.6128462381871949
3.7619834498394233,0.2077993525736186
-1.638396139109266,2.3542550046962254
0.7293804860246715,2.661927996602493
4.14088983128689,1.152820399925595
3.075913522319209,2.849728702679827
2.3900747614640823,1.3088279569277697
4.326647091754313,2.449312991658582
3.4356131918397255,2.50624524646449
-5.923000901078106,2.6229169232422933
6.783867108416916,2.3087500263373233
2.5099129951693153,2.49245650863565
2.894860490437836,2.4608789499988295
2.003891900827872,1.457857798188312
-0.6571881325737592,1.2941718600429295
-1.632729129325801,1.2449923834506285
6.6598721657547575,2.533226157434699
0.3463329616447508,1.7239506787571626
2.297799234965945,1.5364596642784751
2.1786328133879307,2.5498491589898684
1.9054336158538876,2.2375990102217287
4.345436152508372,1.807573789943322
2.7534851010386117,1.7812370061250042
1.9245197052324017,1.7703810275033338
0.60074189157137,2.122832829219605
3.498938012103538,2.1034528658850795
3.319507503817049,1.4782034341383654
-1.1847839629371535,2.2948942889981847
3.8199630925575416,2.03525441130416
5.566567433420678,2.6418399753321213
9.092123816366096,1.8580069380336712
-0.6427055118246079,1.4766442562624413
0.503833437380103,2.3366050192867043
-3.709712732467774,2.9323563662324568
1.366880730251855,1.8254906017344192
-0.8556735965992375,1.9192303379848048
2.0350291326645675,1.9137719147625414
2.8970664709382694,1.583067184731556
-0.370105722579269,2.3877265393904636
2.2610495452925456,2.1394280612515773
4.801922746892966,1.2769377847396752
-0.2627535610469538,2.888988540542165
-1.9233405874573855,1.074105791961308
4.163859012127389,2.168432971058721
2.2784180645907077,1.9351870109726739
2.082726153541966,1.934866899071885
5.586164307462115,1.7184667582440873
1.5730457548219365,3.268866918666747
2.072783830212434,3.578273924752768
1.722249818393935,2.966908406793662
-2.379628659620784,2.1086430401345084
-2.1921230070537714,2.597119366602287
-1.2089466148830743,2.2006553761987484
1.2533798892692594,1.1810266737645143
-2.2844237978367063,1.6386398227417875
6.605272638555204,1.792474727510815
4.426740097589712,1.95966460145774
4.3196010109369425,0.7081785757740133
0.9332640085469346,2.671331083970151
1.5680680050868347,1.9388668833256184
0.861104832264793,2.812733956134906
2.787148992036833,2.0311284500068556
3.701362406417478,2.415937836242269
2.5624524568274616,3.093916462231402
1.8404941788334503,2.1966329947375947
0.29890743901426386,2.1061474949753918
6.200822133107218,1.545148187725387
-0.9992047046463663,2.7048155026509724
1.6064017576857086,2.0678852243565475
1.8806414176069044,2.055947507529744
4.250292671032799,1.4066495945695805
-0.6769026095232715,2.060081545884151
-2.2502399145080885,1.0291045337325846
6.93877938704058,2.5356109927204686
1.9733930763678706,2.8754030995721926
-0.7531667772905761,1.776834891290205
3.649503204522511,2.6297999857509637
3.3570504199617055,0.20307280646923953
-0.5613045320292427,2.3373380831932695
1.0582408705960136,3.7962150048233045
4.451442839561475,2.3946234822428
-0.9551707462184034,1.9750414360730026
2.63816570456627,2.7974634525745503
4.331253755371133,2.7304336643374834
-0.444441427137642,2.9985420419310618
-1.6522764727508368,1.6210511793092408
3.1397132950512123,1.8940106390426517
-0.6617233358221775,1.4190765472333995
-2.096295904539274,2.376162874661251
5.335151674457443,1.9290110729578194
0.9407765977950797,0.958910473184909
4.416105188356906,3.5636282893008424
-2.7556210509843773,1.248039358093743
0.2019658166984566,1.6009669793184944
2.60150084565734,3.141446801409163
4.6684975940463085,2.3730676870959933
0.08466468211966349,1.208303283556634
-0.10806931128378672,3.0946485329846745
1.836642579218302,1.6840390549551683
1.5138280357754517,2.5830931349963384
-1.4734737476708326,3.0004670960362017
2.4139972619661503,1.8470217058782168
3.1716606860452936,2.154430051401473
1.0893417740376399,1.8213065701211701
-0.29879422250551224,2.4641383510407424
0.5924766812721727,1.3238231849313826
2.4388336325183877,2.939844814184367
1.872092148251618,1.5700074775613968
3.068608426660549,3.369462515373341
-1.8413809580359741,2.270258183031384
2.5426082075889895,2.821328429074055
4.62169924542261,1.8679767209299878
-2.45681373705131,2.570326709738818
-0.20971215506567908,1.3305534353888324
5.0382500544253315,1.3559315213253813
5.7115783103402835,2.2374780799314036
2.8443079254131165,2.2172690099152996
-2.334861455885547,0.7439035633587474
2.5702997746653886,2.4016418554728647
2.2185682466356678,1.4190873720366768
2.050063181154417,1.9419930940219323
-0.5324022934082566,2.7169865861070406
-2.5778801583498163,2.416303748225677
3.01682415321046,2.71397409958181
-0.6598052042957914,2.071705681069871
7.744362511196023,2.4681572194009544
2.2661128648631155,2.3812445930793276
2.2280024937106093,3.5491988420500253
4.6024567546198085,1.9394610852926397
2.667606215408402,1.7236640868970015
5.200962558141725,1.005733781090656
-2.2457390692955705,3.0314670913127326
7.696619514072739,2.3311415758902507
2.2982765558311744,2.4647584408693275
0.288057284243848,2.121087472011554
2.1029427595309076,2.4430478305511127
-2.1220766485779237,1.6414722760015699
4.235648224483279,1.5222830231550069
-0.6281871613866854,3.443963064814831
2.1008507489498087,1.590643057494255
-2.4775913037540773,2.5157257472885215
3.849740395313889,1.788745060492414
-0.9162269726874093,1.9826409360682524
-0.21146728640079226,1.3338392347954484
1.7269247275016033,1.2565547194330406
2.6525717967318707,2.4299156263118893
-0.22145864792084202,1.0325046147609895
6.130757545875725,1.3351285400067852
0.2539557227479776,2.1506258835988237
3.585782303162828,1.8187565863393822
3.2191471966467233,1.7164599685895152
-0.5694760597266022,3.008558324383216
8.583797663624269,3.1992315574801014
2.3751851014579155,3.2964345772070773
2.9411030430770166,1.6625076416306401
3.2339243703748664,1.9332544186234564
-0.6010862235766452,1.3647904423115533
4.122029439314355,0.694304714087076
3.5983955730885198,0.8477103839861742
-3.6121053600999478,0.6997390969205133
7.20356835730094,1.8612416326892982
2.2290775624387993,3.0035648671968582
4.471607294363137,1.0160571879474625
4.299174670836182,2.130235821239392
1.0960047253236438,2.017176270108045
5.386064331492812,1.3735270926448526
3.0606438110767473,1.9931713025600581
-2.754850637381849,1.4327213420407277
2.5111950117835002,2.917359388716305
4.64927285195475,2.4222930116730628
-0.15701664933083626,3.2736506272687986
2.569472749451658,1.2883921152687592
1.516078907097478,2.6337433391971055
2.0201540061622993,2.6271080338775525
4.9200997349695506,2.2832179631530356
-0.26926783942985866,2.095780910884975
2.1194976225655164,3.3147564012408326
-2.3028433992184416,1.9046661305749906
0.45463373278297525,2.2369554564543144
-4.4491890991560155,2.7883707165270013
2.036375078393143,0.6955992979358936
1.044584450319355,2.4306014012711534
-2.2105753029840445,2.002278451097406
-0.7978122900871534,1.6068592137201634
2.0707431110171672,2.1297189183179244
0.7545324182592288,2.1928961769200566
4.164165326815879,1.8027778247047688
5.787572271149257,3.0339415557058995
0.8657609479201951,1.5489786172017275
-2.402987857341677,1.9105019673075383
1.0384340167675528,2.550872400647692
-1.9941891735190773,1.803854665855673
4.5630567481602835,1.4835595450432553
-0.017019035302288543,0.9768586773218346
8.933386688844333,1.4714566470349104
-1.4403943361803582,1.431591928249766
-0.04859222434882593,1.8095126608747862
4.18372966516185,1.7890536642179855
-0.4415609955338291,0.9737487061320262
2.0578291341666333,2.0300796677118615
6.050466274885709,2.0653704206560417
1.7380486306138612,1.2570755474693232
1.1905255733098419,1.6899517373466337
1.0206376764287426,1.3217040069740758
3.424286253652826,1.899275879330176
1.4699145176004513,0.7879863680752905
3.3060594917681922,2.3443718395425033
-0.22012771772263395,2.7001215447387867
-1.6108108765267857,1.9845356391913103
1.2824528249152587,1.068616774827464
2.5019059346230264,3.203898900095983
2.1789433528723974,1.6725941778325997
3.1827147491578254,2.0747553257018363
2.0734516961461185,1.6990962156681804
5.762193700299843,2.3226976290023646
0.60126891100005,1.9236297546180197
0.03985094602797257,1.569873202841611
0.3047990751909715,1.1979205801004928
4.056481545949373,1.7942026077131878
3.466083766855098,1.526149433468306
1.840295851322341,1.4972183723100754
3.9040630057306007,1.8243410236512068
0.06629025174664216,0.8391405142127513
2.7293451343350057,1.499096125800537
1.9582521156145543,1.6522943061100408
4.524548334667079,2.384768444339422
3.183211966707553,1.5643365756656946
3.233687494059279,3.212569059087866
-0.20175729090216876,2.121862174012812
-2.363417972294105,2.9889327392524114
0.9472235434648182,2.5533668334567414
-2.559233403596253,3.271052290086638
1.0558066868446492,2.385837993629758
2.3990274671368694,1.81935487469157
6.4601871949434475,0.83465535176971
2.79032205755676,2.643923730091994
1.92100812703728,1.9164406370362497
1.622483798708823,1.1319299622962211
2.1008755764566365,2.362546037680506
2.1814964960449754,1.8074717225252794
0.7043093799954285,1.8025074311904465
5.327678412424051,0.5245262561906823
2.1060191086975446,1.7682422754124676
5.851705797230585,2.0392389289144455
5.928743849593776,0.4981829657455663
3.2159473645101992,2.1980308119572367
5.679007066465719,0.8393912684101301
1.5898138074089827,2.046711659076187
0.6882484202870953,2.8602503512280597
1.1039311638236184,3.438794392981749
4.789092584670484,2.6723409549320616
3.4797660132920223,1.2478536344676026
0.8594262998357711,2.4049963754386012
3.7926474099357375,2.9243185611144624
0.7632673359369022,1.3917797086592079
4.272976044403404,1.4275075578531902
4.3105659352515175,2.8483415859778933
3.2068674925855256,1.747153441684883
2.1086933536816215,2.4196437761545613
2.026948349486341,3.5544302481314647
-0.6210689135403586,1.2910062425880844
-0.584622250227937,1.5831040387168385
-3.7649109262756433,1.554769913333593
0.2715711433758472,2.0555177996189116
3.105396440781041,1.1230346183877291
4.3813196928222915,3.27437770202566
1.44892941541119,3.1132485781240335
2.5264767157106056,3.4062458256009345
4.956054194175319,0.8941524275757295
2.0492833903489673,2.74552033932901
2.080818656836753,1.97391940522535
5.359481752887673,1.498057294150859
2.0463419567949463,2.2288379727217893
1.116872129023049,1.9857665741489847
4.050518814780906,2.306062417315302
-0.13966547051577116,1.2192664423706225
-0.08776812797795941,2.0008827915540506
1.5768390968504116,1.41171721488721
0.41744265604063013,0.9251699137707396
3.1055369831204347,1.9717024879294183
-1.3330840154770716,2.020237752592159
5.552243944571943,1.4767863407252126
5.479527203311688,1.7712810277815099
2.5234041344542937,2.0691202552591537
5.708082415383602,2.11202964743152
-1.021187176965094,1.0730039611263784
